id;name;description;source_id;target_id
1;Associate;../fake-data/blob/hipster.txt;1;1
2;Consultant system Sleek Soft Bike;../fake-data/blob/hipster.txt;2;2
3;Cambridgeshire;../fake-data/blob/hipster.txt;3;3
4;South Dakota azure;../fake-data/blob/hipster.txt;4;4
5;copy;../fake-data/blob/hipster.txt;5;5
6;Chicken Rubber;../fake-data/blob/hipster.txt;6;6
7;Frozen Suriname Gorgeous;../fake-data/blob/hipster.txt;7;7
8;Lao People's Democratic Republic;../fake-data/blob/hipster.txt;8;8
9;Qatar Wisconsin Product;../fake-data/blob/hipster.txt;9;9
10;Cuba application;../fake-data/blob/hipster.txt;10;10
